sample	chr	startpos	endpos	nMajor	nMinor	logRMean	bafMean	nProbes
S96	1	1695590	116624361	2	0	-0.13251494505494504	0.21788536017543858	455
S96	1	116976886	120138178	2	2	0.1798375	0.5	16
S96	1	143133910	147896005	4	1	0.3729	0.3011666666666667	12
S96	1	147970991	244820741	3	1	0.21901432098765433	0.32507599766949147	405
S96	2	385195	3254139	2	0	-0.10943636363636364	0.2435465375	11
S96	2	3387576	97159495	2	1	0.04850168918918919	0.3864391251373626	296
S96	2	97823557	179108526	1	1	-0.15197698412698413	0.5	252
S96	2	179358035	181991071	2	1	0.12527272727272726	0.42221864583333335	11
S96	2	182245884	186200765	1	1	-0.13618	0.5	10
S96	2	186521046	198417700	3	1	0.22350810810810812	0.3979675131578948	37
S96	2	198738638	242780855	1	1	-0.16592067039106145	0.5	179
S96	3	454266	20050152	2	1	0.05122439024390244	0.38883716517857136	82
S96	3	20207924	90173040	1	1	-0.1406067264573991	0.5	223
S96	3	95530694	138282502	2	1	0.08234999999999999	0.3726509149509804	162
S96	3	138322807	155569942	2	0	-0.08963793103448275	0.19705974375000002	58
S96	3	155921976	199235521	2	2	0.2817921428571429	0.5	140
S96	4	414252	1613717	1	0	-0.2842625	0.32968333333333333	8
S96	4	1841541	5348166	1	1	-0.16811333333333334	0.4338754285714288	15
S96	4	5625986	8402917	1	0	-0.31144761904761903	0.2937971555555555	21
S96	4	8575751	14319065	2	1	-0.07321176470588235	0.3849828000000002	17
S96	4	15222529	20235863	2	0	-0.1595125	0.24979234285714247	16
S96	4	20382258	29094783	1	0	-0.42788461538461536	0.31959085714285707	26
S96	4	29632230	48199051	1	1	-0.16650576923076923	0.5	52
S96	4	48445248	60262043	2	1	0.160052	0.38382270769230753	25
S96	4	60680104	68303776	1	1	-0.1381	0.5	17
S96	4	68459000	72559960	3	1	0.19049230769230768	0.3911578666666664	13
S96	4	72850353	123844570	1	1	-0.16303827160493828	0.5	162
S96	4	124299935	146721358	2	1	0.12435869565217392	0.3463480533333332	46
S96	4	146963223	155214847	1	1	-0.13934	0.5	25
S96	4	155701475	191263213	2	1	0.05358	0.38408773333333335	95
S96	5	221026	28053605	2	1	0.06136944444444444	0.38789283124999996	72
S96	5	28731070	35034307	2	0	-0.1558	0.2903862321428572	20
S96	5	35137131	50175874	2	1	0.05488048780487805	0.38075000000000003	41
S96	5	50463840	100201749	1	1	-0.12658039215686276	0.5	153
S96	5	100743728	180687718	2	1	0.05774113475177305	0.38104538643292685	282
S96	6	589264	63923918	2	1	0.06904575645756457	0.38593080640243904	271
S96	6	64357878	74418857	3	1	0.16372307692307692	0.33396865625000005	26
S96	6	74625851	117794112	1	0	-0.4544421875	0.3013841064189189	128
S96	6	117842144	121742158	4	1	0.43246153846153845	0.28301769642857144	13
S96	6	122375436	148943908	4	2	0.4544852272727273	0.36784285714285714	88
S96	6	149312532	152012016	5	2	0.5675076923076923	0.31179645312500004	13
S96	6	152338819	161592676	2	1	0.07228333333333334	0.37493599999999994	42
S96	6	161998052	170846968	1	1	-0.13485666666666665	0.5	30
S96	7	762569	4042855	2	1	0.04378947368421053	0.35424	19
S96	7	4234491	15731305	4	1	0.3527393939393939	0.26353339500000006	33
S96	7	16140514	29689079	3	1	0.21381020408163265	0.3268411764705883	49
S96	7	29856941	63339940	1	0	-0.3169510638297872	0.382155858490566	94
S96	7	63593676	93206794	2	0	-0.14350117647058824	0.20573092439024387	85
S96	7	93675959	124100012	3	0	0.05244455445544555	0.17312662181818184	101
S96	7	124637224	134892884	5	0	0.2968138888888889	0.1307476190476191	36
S96	7	135186371	139994170	6	0	0.48759	0.0845285714285714	20
S96	7	140256930	151863360	3	0	0.07517804878048781	0.16136666666666666	41
S96	7	152226185	156141114	1	0	-0.39069230769230767	0.2852285333333332	13
S96	7	156581351	158366850	3	0	-0.00586	0.1839249999999999	10
S96	8	454511	26798572	1	0	-0.4363245283018868	0.29835653811475416	106
S96	8	27024903	43532141	1	1	-0.14553508771929824	0.5	57
S96	8	47437428	82734304	3	1	0.2285230769230769	0.31152537675438596	91
S96	8	82801641	96087447	4	1	0.35345263157894735	0.28040163425925924	38
S96	8	96235513	98174455	2	1	0.09278571428571428	0.3776666666666667	7
S96	8	98411163	114848589	1	1	-0.0994625	0.5	56
S96	8	115348401	119570072	4	3	0.5240454545454546	0.4063992166666668	11
S96	8	119936021	125197496	5	1	0.4581863636363636	0.21520872499999988	22
S96	8	125393053	135994460	9	1	0.7580057142857143	0.13618781199999996	35
S96	8	137047313	146131735	1	1	-0.14465128205128205	0.5	39
S96	9	366796	21772200	2	0	-0.14507926829268292	0.20336415094339622	82
S96	9	21932183	32485277	1	0	-0.45498	0.2911636363636363	25
S96	9	32788581	35021062	2	0	-0.1861	0.20530000000000004	10
S96	9	35135426	36197683	2	1	0.083675	0.3913349999999999	8
S96	9	36256360	38780565	2	0	-0.08914615384615385	0.27294285714285715	13
S96	9	68635876	138220001	2	1	0.009436996336996337	0.39368238993710697	273
S96	10	441623	135322142	2	1	0.03687623966942149	0.3774124347315436	484
S96	11	277365	28123791	2	0	-0.15917122302158274	0.2167123991758242	139
S96	11	28662352	67627913	2	1	0.041573571428571425	0.3851546706790123	140
S96	11	67835829	70028936	7	2	0.7666999999999999	0.29013834166666663	10
S96	11	70410346	72797874	2	1	0.15996363636363636	0.4219022166666667	11
S96	11	73030626	75794296	8	3	0.82471875	0.28227167500000006	16
S96	11	75940380	134111350	2	1	0.06717797356828194	0.3781070422535211	227
S96	12	454504	17309890	2	1	0.0990939024390244	0.3666053114583333	82
S96	12	17926733	21192828	8	3	0.8399818181818182	0.30283754166666665	11
S96	12	21373558	48824754	2	1	0.09931348314606742	0.3787212765957446	89
S96	12	49132485	51174531	7	2	0.7319357142857142	0.29925755	14
S96	12	51219811	60108539	2	1	0.07973181818181818	0.39604672241379313	44
S96	12	60527318	63647723	5	2	0.5908599999999999	0.34316501666666666	10
S96	12	63862966	69743268	9	3	0.9654190476190476	0.28399543076923073	21
S96	12	70170957	72052148	4	2	0.45986	0.31106501666666664	10
S96	12	72486410	119615207	2	1	0.09351939393939394	0.3737166666666667	165
S96	12	119955770	132332384	1	1	-0.1514438596491228	0.5	57
S96	13	19081795	86640318	2	0	-0.14508333333333334	0.21199469026548678	198
S96	13	87273164	114104177	3	0	0.0700629213483146	0.16688086923076928	89
S96	14	19754864	54637863	2	1	0.05853684210526316	0.3817552665384616	114
S96	14	54803141	106411893	1	1	-0.1378901554404145	0.5	193
S96	15	20586064	100051875	3	1	0.16210704697986578	0.35640396208791203	298
S96	16	121689	35095133	2	2	0.1478381679389313	0.5	131
S96	16	45432643	49668515	3	2	0.29451333333333335	0.5	15
S96	16	50192406	56403323	2	1	0.041171875000000004	0.3706631578947368	32
S96	16	56639294	88687508	2	0	-0.1628888888888889	0.2087578447368421	126
S96	17	460780	26724737	2	1	-0.019216197183098593	0.4057873795454545	142
S96	17	26957258	44391521	2	0	-0.18952804878048782	0.22790576923076922	82
S96	17	44460873	54405503	2	1	0.09439428571428572	0.5	35
S96	17	54685011	57344083	4	2	0.43121666666666664	0.3723814571428571	12
S96	17	57474463	62295734	2	1	0.10153333333333334	0.38632727272727274	21
S96	17	62838613	67995541	5	2	0.575075	0.28949006666666666	20
S96	17	68433945	70255459	2	2	0.19926	0.5	10
S96	17	70314825	75823294	4	2	0.38654444444444447	0.3474777777777778	36
S96	17	75976495	78515017	2	0	-0.12412857142857142	0.2419230769230769	21
S96	18	358577	17287785	1	1	-0.16019615384615385	0.5	52
S96	18	17752193	21130530	1	0	-0.35123571428571426	0.4136385285714286	14
S96	18	21436710	46673340	1	1	-0.1571493827160494	0.5	81
S96	18	46718991	76039506	1	0	-0.44001630434782607	0.29898047788461535	92
S96	19	368413	24282001	2	1	0.024756737588652482	0.397889582183908	141
S96	19	33214296	40839146	1	1	-0.16225333333333333	0.5	30
S96	19	40922673	44708895	2	1	0.16144285714285714	0.42326932142857154	21
S96	19	44938717	53389092	1	1	-0.120944	0.5	50
S96	19	53428671	53983677	2	1	0.10828333333333333	0.41586371666666677	6
S96	19	54060414	63799279	1	1	-0.15423055555555557	0.5	72
S96	20	164735	1518505	2	0	-0.13978	0.2966333333333333	10
S96	20	1921262	11612538	2	1	0.014479591836734694	0.4058648066666667	49
S96	20	11937997	41165090	2	2	0.15214684684684684	0.5	111
S96	20	41563938	62377237	3	2	0.2562578431372549	0.42824426229508195	102
S96	21	14520619	27141281	1	0	-0.5069344827586207	0.28375882352941173	29
S96	21	27503630	46901389	4	0	0.1678950495049505	0.14200450769230777	101
S96	22	15702881	49348881	2	0	-0.13191812865497077	0.21677630869565223	171
S96	X	3012949	11689713	3	0	-0.006299999999999999	0.17162337250000004	17
S96	X	12249655	17163746	5	0	0.31133684210526313	0.11200306590909093	19
S96	X	17524258	26041140	2	0	-0.11794	0.20111499999999993	25
S96	X	27211041	45236685	1	0	-0.43704	0.2926376641304348	40
S96	X	45701990	67147197	2	0	-0.10368648648648648	0.2263014663043479	37
S96	X	67672574	153857056	1	0	-0.4314448648648649	0.29640183486238536	185
