chr	startpos	endpos	nProbesCr	nProbesAf	logR	baf	nMajor	nMinor	nAraw	nBraw
1	794251	16864250	13169	7831	0.261	0.493	2	2	2.105	2.042
1	16864251	16949250	77	115	0.798	0.49	3	3	3.082	2.963
1	16949251	70743250	47944	21439	0.245	0.495	2	2	2.073	2.028
1	70743251	81114250	9753	3818	0.124	0.492	2	2	1.912	1.852
1	81114251	101360150	18713	9091	0.249	0.496	2	2	2.074	2.039
1	101360151	106539350	4702	3354	0.155	0.493	2	2	1.952	1.897
1	106539351	151901950	15713	7351	0.275	0.493	2	2	2.124	2.063
1	151901951	157299950	4614	1433	0.348	0.492	2	2	2.24	2.167
1	157300951	193710650	33731	15766	0.178	0.481	2	2	2.029	1.881
1	193710651	196750650	2861	1773	0.032	0.457	2	2	1.919	1.61
1	196760651	196832650	26	0	-1.007					
1	196852651	215555650	16957	7458	0.131	0.473	2	2	1.995	1.788
1	215555651	220270650	4408	3076	0.063	0.482	2	2	1.871	1.736
1	220270651	239097350	16955	8219	0.116	0.473	2	2	1.974	1.77
1	239097351	248930350	8550	4494	0.006	0.474	2	2	1.823	1.64
2	11001	7575550	6971	4658	0.143	0.495	2	2	1.927	1.888
2	7575551	13056750	5055	2916	0.265	0.496	2	2	2.096	2.061
2	13056751	30395150	16017	7767	0.195	0.488	2	2	2.027	1.931
2	30395151	37317250	6297	4269	0.181	0.498	2	2	1.967	1.952
2	37317251	48761250	10394	6057	0.257	0.497	2	2	2.08	2.053
2	48761251	64008450	14148	8481	0.166	0.492	2	2	1.971	1.908
2	64008451	75984750	10985	5676	0.242	0.497	2	2	2.059	2.033
2	75984751	84498750	8041	4666	0.126	0.497	2	2	1.896	1.874
2	84498751	91968550	3206	1033	0.208	0.475	2	2	2.099	1.894
2	94570251	95219250	525	119	0.822	0.344	4	2	4.039	2.108
2	95219251	96830650	1083	316	0.569	0.398	3	2	3.104	2.045
2	96830651	99654550	2037	955	0.8	0.337	4	2	4.022	2.031
2	99654551	99901550	235	170	0.608	0.402	3	2	3.171	2.121
2	99901551	100396550	444	211	0.826	0.345	4	2	4.049	2.115
2	100396551	102609550	2051	887	0.607	0.402	3	2	3.169	2.117
2	102609551	102627550	16	0	-0.699					
2	102627551	111834250	7195	2840	0.539	0.398	3	2	3.041	2.001
2	111835251	114248450	1807	859	1.087	0.276	5	2	5.368	2.032
2	114248451	119378450	4824	2015	-0.324	0.336	2	1	1.832	0.912
2	119378451	123101450	3481	941	-0.193	0.341	2	1	1.992	1.018
2	123101451	156142550	30112	13345	-0.258	0.34	2	1	1.908	0.966
2	156142551	212714550	52562	21364	-0.212	0.338	2	1	1.977	0.994
2	212714551	242107850	26993	15404	0.202	0.496	2	2	2.006	1.971
3	12351	16420950	15148	10566	-0.15	0.436	2	1	1.753	1.35
3	16420951	19006250	2433	1022	-0.087	0.444	2	1	1.809	1.436
3	19006251	68765550	45647	21793	-0.12	0.438	2	1	1.784	1.386
3	68765551	73977450	4843	2826	0.006	0.469	2	2	1.84	1.624
3	73977451	86949750	12112	6921	-0.091	0.451	2	1	1.779	1.458
3	86949751	97075050	6556	3550	-0.024	0.414	2	1	1.995	1.398
3	97075051	134471250	34672	18456	0.075	0.379	2	1	2.267	1.37
3	134471251	161738850	25325	13101	0.039	0.379	2	1	2.208	1.337
3	161738851	166803150	4661	3812	-0.064	0.386	2	1	2.032	1.265
3	166803151	166816150	13	2	0.64	0.487	3	3	2.775	2.636
3	166816151	168387550	1496	591	0.008	0.389	2	1	2.128	1.341
3	168387551	178311750	9254	5205	0.133	0.383	2	1	2.344	1.444
3	178311751	178703750	375	230	2.363	0.139	16	2	15.522	2.482
3	178703751	178750750	46	47	0.433	0.493	2	2	2.371	2.309
3	178750751	178914750	147	99	2.056	0.16	12	2	12.243	2.302
3	178914751	178976050	45	16	0.725	0.478	3	3	3	2.743
3	178976051	182957050	3688	1249	0.096	0.384	2	1	2.281	1.409
3	182957051	183198850	211	21	0.499	0.489	3	2	2.507	2.393
3	183199851	183279850	66	24	2.291	0.165	14	3	14.325	2.8
3	183280851	183297850	17	2	0.812	0.485	3	3	3.146	2.956
3	183297851	183634850	304	149	2.254	0.143	14	2	14.332	2.362
3	183634851	183653850	15	0	0.342					
3	183653851	183818850	141	17	2.18	0.155	13	2	13.411	2.444
3	183818851	183891850	70	57	0.36	0.447	2	2	2.46	1.985
3	183891851	184212450	281	118	2.344	0.124	16	2	15.579	2.189
3	184214451	184498450	237	82	0.424	0.469	2	2	2.474	2.177
3	184498451	184598450	89	74	2.295	0.146	15	2	14.697	2.479
3	184598451	184681450	73	59	0.52	0.491	3	2	2.533	2.441
3	184681451	184847450	148	66	2.32	0.142	15	2	15.009	2.463
3	184847451	184892450	43	4	0.49	0.47	3	2	2.582	2.289
3	184892451	184924450	31	1	2.276	0.475	9	8	8.889	8.054
3	184924451	198098650	11524	6204	0.144	0.385	2	1	2.355	1.463
4	68951	43182950	39314	24361	-0.757	0	2	0	2.017	0
4	43182951	123389450	71762	39272	-0.796	0	2	0	1.961	0
4	123389451	124598450	1138	706	-0.627	0.002	2	0	2.213	0
4	124598451	125803450	1137	520	-0.403	0.003	3	0	2.595	0
4	125805451	134169450	7792	4629	-0.883	0.001	2	0	1.842	0
4	134169451	139844450	5327	2485	-0.636	0.001	2	0	2.198	0
4	139844451	145807450	5530	2753	-0.268	0.001	3	0	2.854	0
4	145807451	145849450	39	23	0.984	0.021	7	0	6.769	0.114
4	145849451	148818050	2750	1043	-0.29	0.002	3	0	2.811	0
4	148818051	151793050	2751	904	0.196	0.002	4	0	3.961	0
4	151794051	155407050	3407	1490	-0.975	0.002	2	0	1.725	0
4	155408051	160378050	4618	1937	0.225	0.001	4	0	4.043	0
4	160379051	190037450	27226	16487	-1.031	0	2	0	1.657	0
5	43851	686450	494	612	0.685	0.362	4	2	3.571	2.011
5	698451	796450	49	27	1.561	0.43	6	4	5.877	4.422
5	800451	13259450	11656	7115	0.616	0.358	3	2	3.426	1.894
5	13259451	21818350	7666	3515	0.689	0.355	4	2	3.624	1.977
5	21818351	29743050	7393	5162	0.603	0.356	3	2	3.404	1.87
5	29744051	46434150	15358	7731	0.774	0.338	4	2	3.945	2.001
5	50165051	123630350	66555	32744	-0.072	0.383	2	1	2.03	1.249
5	123630351	129118950	5118	3105	0.025	0.391	2	1	2.146	1.365
5	129118951	158365150	26903	13060	-0.191	0.329	2	1	2.034	0.979
5	158365151	160989150	2434	1360	-0.02	0.378	2	1	2.123	1.279
5	160989151	170092450	8531	4203	-0.148	0.387	2	1	1.912	1.196
5	170092451	181171350	9115	5202	-0.052	0.384	2	1	2.055	1.271
6	149001	29883050	26803	14844	0.144	0.495	2	2	1.929	1.89
6	29883051	29938050	47	2	-0.927	0.485	1	1	0.921	0.864
6	29938051	55790150	23291	16669	0.141	0.489	2	2	1.946	1.865
6	55790151	60364050	2285	1146	0.242	0.492	2	2	2.08	2.013
6	60365051	67452150	6357	3227	0.133	0.495	2	2	1.915	1.876
6	67452151	67978150	501	248	-0.309	0.354	2	1	1.8	0.972
6	67978151	68660150	639	549	0.144	0.495	2	2	1.929	1.889
6	68660151	72534150	3611	2233	-0.154	0.359	2	1	1.991	1.103
6	72534151	72658150	113	99	0.311	0.493	2	2	2.179	2.115
6	72659151	82239150	8782	5579	-0.155	0.356	2	1	2.001	1.092
6	82239151	85910150	3441	1680	0.269	0.491	2	2	2.122	2.048
6	85911151	91933150	5583	3355	-0.18	0.356	2	1	1.966	1.071
6	91933151	99590150	7230	3673	-0.279	0.358	2	1	1.827	1.006
6	99591151	100495150	845	337	-0.081	0.37	2	1	2.062	1.198
6	100495151	100558150	59	6	0.293	0.49	2	2	2.164	2.079
6	100558151	104925850	4082	2181	-0.253	0.361	2	1	1.852	1.032
6	104925851	108738850	3424	1501	-0.115	0.358	2	1	2.052	1.129
6	108738851	110910850	2013	1232	0.264	0.489	2	2	2.126	2.03
6	110912851	111131850	198	34	-0.118	0.371	2	1	2.006	1.168
6	111131851	111433850	280	91	0.23	0.487	2	2	2.081	1.975
6	111433851	112445850	965	436	-0.078	0.368	2	1	2.072	1.194
6	112445851	112672850	210	86	0.305	0.494	2	2	2.165	2.111
6	112672851	117443550	4454	2822	-0.14	0.361	2	1	2.005	1.12
6	117443551	124111550	6310	3529	-0.232	0.359	2	1	1.887	1.041
6	124111551	124149550	37	2	0.189	0.49	2	2	2.012	1.931
6	124149551	131522550	6957	2557	-0.149	0.351	2	1	2.024	1.081
6	131522551	132441550	843	314	0.265	0.483	2	2	2.152	2.007
6	132441551	132520550	74	30	-0.203	0.361	2	1	1.917	1.072
6	132520551	134447550	1779	872	0.332	0.493	2	2	2.21	2.147
6	134447551	136448550	1854	526	-0.11	0.353	2	1	2.073	1.118
6	136448551	136706550	244	33	0.271	0.463	2	2	2.243	1.933
6	136706551	137852550	1082	655	-0.061	0.366	2	1	2.104	1.2
6	137852551	137996550	138	10	0.32	0.482	2	2	2.24	2.081
6	137996551	142970550	4666	1775	-0.092	0.363	2	1	2.069	1.165
6	142970551	143099550	123	94	0.261	0.487	2	2	2.13	2.017
6	143099551	144431550	1250	685	-0.161	0.36	2	1	1.98	1.099
6	144431551	146236550	1730	910	0.235	0.496	2	2	2.052	2.02
6	146236551	149215550	2792	1394	-0.118	0.362	2	1	2.032	1.141
6	149215551	149495550	269	219	0.33	0.493	2	2	2.208	2.144
6	149495551	170611150	19196	11786	-0.167	0.356	2	1	1.983	1.082
7	50351	8933250	7322	5014	0.151	0.478	2	2	2.005	1.834
7	8933251	16787250	7363	6794	0.084	0.482	2	2	1.896	1.765
7	16787251	56179750	36378	21248	0.157	0.493	2	2	1.953	1.901
7	56179751	72310250	9382	6194	0.024	0.483	2	2	1.814	1.694
7	72312251	112796150	34776	16752	0.151	0.492	2	2	1.95	1.888
7	112796151	124040150	10566	3735	0.121	0.492	2	2	1.909	1.848
7	124040151	130664150	6012	2705	0.077	0.492	2	2	1.85	1.793
7	130664151	145206050	12801	6673	0.136	0.477	2	2	1.989	1.808
7	145206051	159333850	12124	7732	0.082	0.483	2	2	1.891	1.765
8	212001	28706050	24301	20734	-1.772	0	1	0	0.966	0
8	28706051	31267050	2292	876	-0.131	0.331	2	1	2.114	1.03
8	31267051	31296050	27	61	-1.709	0.044	1	0	0.996	0.016
8	31296051	31308050	12	21	-0.19	0.33	2	1	2.032	0.985
8	31308051	31491050	177	121	-1.766	0.027	1	0	0.971	0
8	31491051	31750050	242	236	-0.214	0.339	2	1	1.971	0.995
8	31750051	31767050	16	4	-1.867	0.483	0	0	0.466	0.434
8	31767051	36102050	4030	2068	-0.27	0.335	2	1	1.905	0.945
8	36102051	36429050	294	11	0.523	0.242	4	1	3.793	1.192
8	36430051	37116050	648	256	-1.735	0.013	1	0	0.993	0
8	37116051	43937350	5983	2515	-0.128	0.337	2	1	2.099	1.052
8	45971351	51320750	5055	1711	0.104	0.492	2	2	1.886	1.826
8	51320751	51595750	259	287	0.732	0.315	4	2	3.965	1.806
8	51595751	52401750	766	618	1.213	0.236	6	2	6.185	1.894
8	52401751	54129750	1614	621	0.79	0.315	4	2	4.128	1.881
8	54130751	56315750	2009	1008	1.225	0.243	6	2	6.183	1.962
8	56315751	82535650	24531	11204	0.157	0.497	2	2	1.939	1.915
8	82535651	93834450	10417	5780	0.029	0.493	2	2	1.785	1.736
8	93834451	109733550	14740	6947	0.138	0.491	2	2	1.937	1.867
8	109733551	114224550	4267	1021	0.004	0.493	2	2	1.754	1.706
8	114224551	120805550	6187	2908	0.457	0.405	3	2	2.84	1.92
8	120805551	130935550	9363	5039	0.539	0.411	3	2	2.974	2.068
8	130935551	140451550	8940	5641	0.368	0.404	3	2	2.67	1.799
8	140452551	145075350	3973	2895	0.491	0.399	3	2	2.935	1.939
9	14001	6714150	6054	4549	-0.206	0.303	2	1	2.092	0.89
9	6714151	12469150	5424	3994	-0.333	0.312	2	1	1.887	0.839
9	12469151	22491150	9275	5163	-0.206	0.31	2	1	2.07	0.913
9	22491151	73402350	20182	10355	-0.273	0.318	2	1	1.951	0.893
9	73402351	73412350	10	0	-1.901					
9	73412351	78028950	4304	2451	-0.304	0.296	2	1	1.971	0.812
9	78028951	101761850	21564	9944	-0.244	0.302	2	1	2.038	0.865
9	101761851	129013350	24892	12690	-0.202	0.341	2	1	1.98	1.011
9	129013351	138208550	7834	4681	-0.107	0.354	2	1	2.078	1.122
10	47451	17623450	15839	10932	-0.165	0.339	2	1	2.038	1.032
10	17623451	60940250	35438	22778	-0.212	0.333	2	1	1.991	0.98
10	60940251	129272150	62232	33035	-0.167	0.334	2	1	2.052	1.015
10	129272151	129423150	146	128	-0.731	0.488	1	1	1.053	1.001
10	129423151	133622150	3720	2575	-0.185	0.329	2	1	2.043	0.985
11	197251	20370850	18052	12153	0.203	0.49	2	2	2.033	1.949
11	20370851	31809450	10660	5935	0.119	0.494	2	2	1.901	1.852
11	31811451	36975450	4802	2948	0.237	0.493	2	2	2.067	2.008
11	36975451	44301450	6890	3491	0.068	0.497	2	2	1.819	1.8
11	44301451	49647450	4714	2229	0.179	0.49	2	2	1.996	1.919
11	49647451	69103150	13627	6438	0.17	0.496	2	2	1.961	1.927
11	69103151	82155350	11811	5347	0.166	0.497	2	2	1.951	1.927
11	82162351	82171350	8	0	1.625					
11	82171351	127604750	41895	22089	0.152	0.493	2	2	1.947	1.893
11	127604751	131933250	4052	2245	0.233	0.493	2	2	2.063	2.003
11	131933251	135075250	2964	1995	0.053	0.489	2	2	1.832	1.749
12	79551	831150	619	274	1.785	0.163	10	2	10.105	1.937
12	831151	11476750	9271	5034	1.241	0.248	6	2	6.212	2.026
12	11476751	12601750	985	577	1.403	0.222	7	2	7.196	2.027
12	12604751	15109750	2308	1141	1.277	0.243	6	2	6.409	2.04
12	15110751	24772050	9043	3797	1.9	0.152	11	2	11.086	1.956
12	24772051	24958050	175	131	3.986	0.037	54	2	53.554	2.016
12	24958051	25050050	88	74	3.706	0.047	44	2	43.67	2.106
12	25051051	25146050	90	101	3.134	0.065	29	2	28.789	1.987
12	25146051	25391050	227	164	4.278	0.03	66	2	66.065	2.004
12	25392051	25466050	70	85	3.711	0.049	44	2	43.705	2.223
12	25466051	26223050	696	357	2.065	0.145	13	2	12.542	2.095
12	26223051	26282050	56	33	3.946	0.046	52	2	51.6	2.463
12	26282051	26298050	15	18	3.429	0.077	35	3	34.873	2.883
12	26298051	28297050	1859	1156	2.003	0.145	12	2	12.001	2.01
12	28297051	28383050	83	1	2.353	0.487	9	9	9.18	8.704
12	28383051	30922350	2362	1399	1.962	0.145	12	2	11.675	1.95
12	30922351	30959350	33	21	1.404	0.241	7	2	7.028	2.205
12	30960351	34639350	3246	1491	1.82	0.154	10	2	10.458	1.877
12	34639351	34654350	15	0	-0.874					
12	34654351	37760850	500	28	1.54	0.189	8	2	8.255	1.895
12	37760851	38220850	433	31	1.768	0.17	10	2	9.901	2
12	38220851	38312850	87	2	2.315	0.492	9	9	8.851	8.557
12	38313851	38634850	306	8	1.883	0.152	11	2	10.959	1.934
12	38634851	39454850	763	19	1.624	0.183	9	2	8.814	1.949
12	39454851	40100850	606	184	2.132	0.128	13	2	13.389	1.937
12	40100851	42487350	2194	1371	2.255	0.118	15	2	14.751	1.952
12	42487351	43517350	969	52	2.746	0.093	21	2	21.346	2.159
12	43517351	44373350	791	1	2.668	0.488	11	11	11.398	10.852
12	44373351	46503350	1970	3	3.194	0.48	17	15	16.672	15.399
12	46503351	46709350	195	26	2.829	0.093	23	2	22.602	2.285
12	46709351	47176350	446	214	2.477	0.112	17	2	17.344	2.15
12	47176351	47914350	693	537	2.099	0.141	13	2	12.893	2.09
12	47915351	48406350	447	39	1.343	0.247	7	2	6.677	2.173
12	48407351	59415350	9521	3805	-0.161	0.337	2	1	2.05	1.029
12	59415351	74420550	13933	6319	-0.206	0.335	2	1	1.995	0.987
12	74420551	76130550	1598	1062	-0.119	0.341	2	1	2.101	1.071
12	76130551	131242850	50043	23939	-0.225	0.333	2	1	1.974	0.969
12	131245851	131343850	69	2	-0.812	0.485	1	1	0.999	0.94
12	131343851	133248950	1530	993	-0.245	0.334	2	1	1.943	0.958
13	16003001	33276850	13396	7816	0.521	0	5	0	4.979	0
13	33276851	52892850	17961	8444	0.523	0	5	0	4.983	0
13	52892851	71857250	17945	9549	0.404	0	5	0	4.586	0
13	71857251	77320250	5138	2216	0.525	0.001	5	0	4.991	0
13	77320251	77568250	233	63	0.625	0.01	5	0	5.333	0.022
13	77568251	81506250	3715	1600	0.524	0.001	5	0	4.989	0
13	81506251	96990250	14497	6743	0.441	0	5	0	4.707	0
13	96990251	106041250	8430	5247	0.538	0	5	0	5.037	0
13	106041251	106519250	453	256	0.286	0.003	4	0	4.221	0
13	106519251	114351950	6877	4666	0.511	0	5	0	4.942	0
14	18670651	19957050	254	87	0.268	0.382	3	2	2.582	1.586
14	19957051	40462450	18437	10370	-0.162	0.322	2	1	2.096	0.981
14	40462451	47238250	6275	3909	-0.273	0.325	2	1	1.929	0.915
14	47238251	47248250	10	0	-1.797					
14	47249251	58358850	10196	5438	-0.141	0.328	2	1	2.109	1.014
14	58358851	58407850	40	1	0.192	0.485	2	2	2.036	1.915
14	58407851	77267750	17102	7975	-0.132	0.327	2	1	2.126	1.018
14	77267751	85991750	8139	3787	-0.211	0.328	2	1	2.007	0.965
14	85991751	86022750	28	0	-1.96					
14	86022751	103791150	16271	9128	-0.166	0.327	2	1	2.074	0.994
14	103791151	106883450	2403	1848	-0.116	0.331	2	1	2.139	1.041
15	17034751	29379150	5584	3519	-0.267	0.323	2	1	1.945	0.911
15	29379151	41485950	9922	6059	-0.13	0.314	2	1	2.171	0.976
15	41486951	86793450	40116	19195	0.196	0.49	2	2	2.02	1.942
15	86793451	88584450	1682	890	0.059	0.494	2	2	1.82	1.777
15	88584451	101882550	12153	8288	0.214	0.495	2	2	2.025	1.988
16	21001	1278000	967	553	-0.128	0.002	3	0	3.153	0
16	1278001	13880000	10833	7898	-0.209	0	3	0	2.977	0
16	13880001	14977000	734	187	0.233	0.004	4	0	4.065	0
16	14977001	16215000	795	252	-0.163	0.005	3	0	3.075	0
16	16536001	19934000	2219	1087	0.178	0.001	4	0	3.911	0
16	19934001	19956000	19	0	-29.883					
16	19956001	21364000	1208	489	0.212	0.002	4	0	4.007	0
16	21502001	21583000	79	8	-0.646	0.118	2	0	1.949	0.234
16	21583001	22430000	571	136	0.204	0.006	4	0	3.984	0
16	22540001	22699000	110	19	-0.733	0.05	2	0	1.977	0.074
16	22699001	32462650	7328	3988	0.191	0	4	0	3.947	0
16	32484651	34272150	219	30	0.528	0.026	5	0	4.904	0.099
16	34632851	35263250	285	28	-0.949	0.057	2	0	1.684	0.073
16	35263251	47685750	1981	171	-0.233	0.007	3	0	2.926	0
16	47685751	50287750	2404	1099	-0.182	0.001	3	0	3.033	0
16	50287751	50980750	654	226	-0.159	0.005	3	0	3.083	0
16	50981751	57759750	6254	3520	-0.73	0.001	2	0	2.056	0
16	57759751	57859750	88	85	-0.091	0.013	3	0	3.224	0.012
16	57859751	60127750	2049	989	-0.755	0.002	2	0	2.019	0
16	60127751	83722750	20690	12097	-0.81	0	2	0	1.941	0
16	83722751	90097750	5452	4559	-0.708	0	2	0	2.088	0
17	142351	16751750	13774	7463	-0.718	0	2	0	2.074	0
17	16753751	16835750	58	5	-0.257	0.486	1	1	1.478	1.398
17	16837751	22123750	3570	1692	-0.685	0.001	2	0	2.123	0
17	22123751	27100950	745	56	-0.741	0.031	2	0	2.005	0.034
17	27100951	36108950	7843	3262	-0.693	0.001	2	0	2.111	0
17	36108951	36458950	90	42	0.33	0.42	3	2	2.528	1.825
17	36458951	43226950	5325	2012	-0.636	0.001	2	0	2.198	0
17	43324051	46135050	2210	2231	-0.459	0.001	2	0	2.493	0
17	46135051	46544050	140	199	0.238	0.345	3	1	2.683	1.398
17	46550051	68163050	18797	7853	-0.5	0.001	2	0	2.422	0
17	68164051	83204050	13066	7607	-0.456	0	2	0	2.498	0
18	64351	9920250	9071	4905	0.521	0.38	3	2	3.097	1.882
18	9920251	22236050	5569	3096	0.228	0.242	3	1	3.088	0.963
18	22237051	36146050	12995	5668	0.305	0.25	3	1	3.221	1.055
18	36146051	41025050	4627	2372	0.205	0.245	3	1	3.026	0.961
18	41025051	80257250	36456	20118	-0.778	0.496	1	1	1.002	0.984
19	270951	9929250	6962	4504	-0.726	0.492	1	1	1.047	1.014
19	9929251	11842250	1401	640	-0.176	0.341	2	1	2.017	1.03
19	11842251	12819250	740	477	0.491	0.215	4	1	3.845	1.028
19	12820251	13610250	594	265	1.161	0.361	5	3	4.987	2.802
19	13611251	15235250	1194	673	1.94	0.227	10	3	10.377	3.034
19	15235251	20270250	3946	1773	1.505	0.303	7	3	6.919	2.987
19	20270251	21345250	976	426	0.594	0.487	3	3	2.687	2.552
19	21345251	28180150	3394	2551	1.384	0.251	7	2	6.836	2.265
19	28182151	29837150	1522	1264	1.559	0.183	8	2	8.427	1.861
19	29837151	31384150	1423	400	1.232	0.229	6	2	6.331	1.854
19	31384151	36194950	4182	2539	1.331	0.22	7	2	6.858	1.917
19	36195951	38212050	1606	830	0.714	0.329	4	2	3.832	1.865
19	38215051	51688150	10521	5604	0.815	0.33	4	2	4.108	2.01
19	51688151	58538150	5536	4108	0.691	0.331	4	2	3.76	1.846
20	67651	47768750	40132	19075	0.412	0.455	3	2	2.515	2.095
20	47769751	54422950	5853	3469	0.585	0.434	3	2	2.948	2.257
20	54422951	60205950	5345	2427	0.359	0.491	2	2	2.264	2.179
20	60205951	64333950	3627	2278	0.35	0.487	2	2	2.266	2.148
21	8684351	9042350	106	2	-0.744	0.487	1	1	1.044	0.991
21	9735051	14065550	888	284	0.114	0.474	2	2	1.967	1.771
21	14066551	19626550	5192	3513	0.223	0.496	2	2	2.036	2.001
21	19626551	26546550	6528	4124	0.075	0.495	2	2	1.838	1.798
21	26546551	46681650	17786	10125	0.242	0.498	2	2	2.055	2.035
22	10684001	15666150	20	1	0.137	0.471	2	2	2.012	1.789
22	15713151	16400550	233	56	-0.865	0.034	2	0	1.831	0.035
22	16400551	50758650	28481	16810	-0.713	0	2	0	2.08	0
X	330051	12742750	9803	3979	-0.18	0.366	2	1	1.936	1.102
X	12742751	25676450	11542	3258	-0.115	0.363	2	1	2.033	1.147
X	25676451	33553550	7201	3034	-0.225	0.369	2	1	1.864	1.078
X	33553551	38319250	4237	911	-0.063	0.455	2	2	1.8	1.5
X	38319251	140382550	83233	21304	-0.029	0.433	2	1	1.922	1.459
X	140382551	152988850	10780	3372	-0.055	0.431	2	1	1.892	1.427
X	152989851	155983250	2144	460	0.018	0.415	2	1	2.05	1.445
